[15, 16, 17, 18, 19]
[29, 30, 31, 32, 33, 34]
[50, 51, 52, 53, 54, 155, 156, 157, 158, 159, 160, 166, 167, 168, 169, 170, 171]
[19, 20, 21, 22, 23, 24, 19, 20, 21, 22, 23, 24, 87, 88, 89, 90, 91, 92]
[188, 189, 190, 191, 192, 193, 194, 195, 196, 197, 198, 199]
[8, 9, 10, 11, 12]
[171, 172, 173, 174, 175, 176, 178, 179, 180, 181, 182, 183, 184, 186, 187, 188, 189, 190, 191, 192, 193, 171, 172, 173, 174, 175, 176, 178, 179, 180, 181, 182, 183, 184, 186, 187, 188, 189, 190, 191, 192, 193, 471, 472, 473, 474, 479, 480, 481, 482, 479, 480, 481, 482]
[73, 74, 75, 76, 77]
[38, 39, 40, 41, 42, 43]
[288, 289, 290, 291, 292, 293, 294, 295]
[26, 27, 28, 29, 30]
[]
[]
[84, 85, 86, 87, 199, 200, 201, 202, 203, 258, 259, 260, 261, 262, 263, 521, 522, 523, 524, 525]
[23, 24, 25, 26]
[10, 11, 12, 13, 14, 15, 160, 161, 162, 163, 164, 165, 166, 167, 168, 169, 250, 251, 252, 253, 254, 255]
[51, 52, 53, 54, 55, 56, 57, 58, 59]
[78, 79, 80, 81, 82, 83, 84, 85, 86, 87, 88, 89, 90]
[31, 32, 33, 34, 35, 36]
[139, 140, 141, 142, 143, 144, 145, 146, 147]
[62, 63, 64, 65, 66, 67]
[41, 42, 43, 44, 45]
[532, 533, 534, 535, 543, 544, 545, 546, 547, 532, 533, 534, 535, 543, 544, 545, 546, 547]
[40, 41, 42, 43, 44, 45]
[61, 62, 63, 64, 65, 66, 67, 68]
[60, 61, 62, 63, 64, 65, 66, 67, 68, 69, 364, 365, 366, 367, 368]
[74, 75, 76, 77, 78, 79, 80]
[91, 92, 93, 94, 95, 96, 97, 98, 99, 113, 114, 115, 116, 117, 118, 119, 120, 226, 227, 228, 229, 230, 231, 232, 291, 292, 293, 294, 295, 325, 326, 327, 328, 329, 330]
[124, 125, 126, 127, 128, 129, 99, 100, 101, 102, 99, 100, 101, 102]
[128, 129, 130, 131, 132, 133]
[]
[8, 9, 10, 11, 12]
[25, 26, 27, 28, 29, 44, 45, 46, 47, 48, 49, 50, 51]
[15, 16, 17, 18, 19, 20, 21, 412, 413, 414, 415, 416, 417, 418, 460, 461, 462, 463, 464, 465, 466, 467, 468, 469, 15, 16, 17, 18, 19, 20, 21, 506, 507, 508, 509, 510]
[20, 21, 22, 23, 24, 25, 26, 27, 28]
[18, 19, 20, 21, 22, 23]
[101, 102, 103, 104, 105, 106]
[6, 7, 8, 9, 10, 11]
[70, 71, 72, 73, 74]
[]
[685, 686, 687, 688, 689, 690, 685, 686, 687, 688, 689, 690]
[306, 307, 308, 309, 310, 311, 424, 425, 426, 427]
[21, 22, 23, 24, 43, 44, 45, 46, 47, 48, 49, 50, 51, 52, 70, 71, 72, 73, 74, 75, 76, 77, 126, 127, 128, 129, 130, 131, 132]
[26, 27, 28, 29]
[60, 61, 62, 63, 64, 65, 66, 67, 68, 69, 102, 103, 104, 105, 106, 60, 61, 62, 63, 64, 65, 66, 67, 68, 69]
[]
[248, 249, 250, 251, 252, 253]
[30, 31, 32, 33, 34, 35]
[20, 21, 22]
[]
[12, 13, 14, 15, 16, 17, 18, 19, 81, 82, 83, 84, 85, 162, 163, 164, 165, 166, 167, 168, 185, 186, 187, 188, 189, 190, 191, 192, 193]
[5, 6, 7, 8, 54, 55, 56, 57, 58, 59, 60, 61]
[25, 26, 27, 28, 29, 55, 56, 57, 58, 59, 60, 61, 62, 63, 64, 109, 110, 111, 112, 113, 114, 115, 141, 142, 143, 144, 145, 146, 147, 148, 149]
[]
[21, 22, 23, 24, 25, 26]
[18, 19, 20]
[92, 93, 94, 95, 96, 97]
[109, 110, 111, 112, 113, 281, 282, 283, 284]
[30, 31, 32, 33]
[67, 68, 69, 70, 71]
[214, 215, 216, 217, 218, 219, 220, 221, 222, 223, 229, 230, 231, 232, 233, 234]
[118, 119, 120, 121, 122, 123]
[136, 137, 138, 139, 140]
[4, 5, 6, 7, 59, 60, 61, 62, 63]
[13, 14, 15, 16, 17, 18, 19, 20, 21, 22]
[]
[82, 83, 84]
[16, 17, 18, 19, 20, 21]
[14, 15, 16, 17, 18]
[66, 67, 68, 69, 70, 71, 72, 73, 74, 218, 219, 220, 221, 222, 223, 224, 225, 290, 291, 292, 293, 294, 295, 296, 297, 298]
[10, 11, 12, 13, 128, 129, 130, 131]
[18, 19, 20, 21]
[22, 23, 24, 25, 26, 27]
[72, 73, 74, 75, 76, 77]
[16, 17, 18, 19, 96, 97, 98, 99, 193, 194, 195, 196, 197, 282, 283, 284, 285, 286, 282, 283, 284, 285, 286]
[]
[57, 58, 59, 60]
[58, 59, 60, 61]
[14, 15, 16, 17, 18, 59, 60, 61, 62, 63, 64]
[0, 1, 2, 3, 4, 5, 0, 1, 2, 3, 4, 5]
[129, 130, 131, 132, 133]
[]
[0, 1, 2, 3, 4, 5, 57, 58, 59, 60, 72, 73, 74, 75, 76, 77, 176, 177, 178, 179, 180, 181, 182, 183, 184, 0, 1, 2, 3, 4]
[0, 1, 2, 3, 4, 5, 6]
[5, 6, 7, 8, 9, 10, 11, 12, 13, 14, 16, 17, 18, 19, 20, 21, 22, 23, 229, 230, 231, 232, 233]
[4, 5, 6, 7]
[176, 177, 178, 179, 180]
[]
[156, 157, 158, 159, 160, 161, 162, 156, 157, 158, 159, 160, 161, 162, 637, 638, 639, 640, 641, 862, 863, 864, 865, 866, 867, 868, 869, 870, 871]
[117, 118, 119, 120, 121, 122, 123]
[38, 39, 40, 41, 42, 43, 90, 91, 92]
[141, 142, 143, 144, 145, 543, 544, 545, 546, 547, 548, 549, 550]
[84, 85, 86, 87, 88, 89]
[40, 41, 42, 43, 44, 45, 46, 47, 48, 49, 50, 357, 358, 359, 360, 361, 362, 363, 364, 366, 367, 368, 369, 370, 371, 372, 373, 374]
[25, 26, 27, 28]
[]
[453, 454, 455, 456, 457, 458, 459, 145, 146, 147, 148, 149, 150, 151]
[152, 153, 154, 155, 156, 157, 158, 28, 29, 30, 31, 32, 236, 237, 238, 239, 240, 242, 243, 244, 245, 246, 247, 248, 249]
[13, 14, 15, 16, 17]
[]
[6, 7, 8, 9, 10]
[33, 34, 35, 36, 44, 45, 46, 47, 48, 49, 50]
[]
[141, 142, 143, 144, 145, 146, 147, 162, 163, 164, 165, 166, 167, 172, 173, 174, 175, 176, 177, 212, 213, 214, 215, 216]
[67, 68, 69, 70, 71]
[92, 93, 94, 95, 96, 97, 98, 99, 100, 102, 103, 104, 105]
[0, 1, 2, 3, 4, 5, 6, 7, 127, 128, 129, 130, 131, 132]
[268, 269, 270, 271, 272]
[314, 315, 316, 317, 318, 319]
[77, 78, 79, 80, 81]
[49, 50, 51, 52, 53, 54, 55, 56, 57, 263, 264, 265, 266, 267]
[23, 24, 25, 26, 27, 28, 29, 30]
[7, 8, 9, 10, 11, 12, 13, 14]
[]
[13, 14, 15, 16, 17, 18]
[14, 15, 16, 17, 18, 19]
[128, 129, 130, 131, 132, 133, 134, 405, 406, 407, 408, 409, 410, 411, 412, 413, 414, 128, 129, 130, 131, 132, 133, 134]
[21, 22, 23, 24, 25, 35, 36, 37, 38, 39, 40, 107, 108, 109, 110, 111, 112, 113, 114]
[3, 4, 5, 6, 7, 8, 9, 10]
[26, 27, 28, 29, 30]
[]
[58, 59, 60, 61, 62, 63, 77, 78, 79, 80, 90, 91, 92, 93, 94]
[55, 56, 57, 58, 59, 60, 61, 167, 168, 169, 170, 171, 172, 173, 174, 213, 214, 215, 216, 217, 218, 219, 220, 221]
[93, 94, 95, 96, 97, 98, 99, 100, 101, 102, 103, 215, 216, 217, 218, 219, 220, 221, 222]
[5, 6, 7, 8, 9, 10, 11, 12, 13, 14]
[10, 11, 12, 13, 14, 15, 22, 23, 24, 25, 26]
[84, 85, 86, 191, 192, 193, 194, 195, 196]
[10, 11, 12, 13, 14, 15, 16, 18, 19, 20, 21]
[51, 52, 53, 54, 55, 56]
[41, 42, 43, 44, 45, 46, 47, 48]
[30, 31, 32, 33, 34, 35, 36, 37, 38]
[121, 122, 123, 124, 125, 126]
[10, 11, 12, 13, 14, -1, 0, 1, 2, 3, 4, 5]
[19, 20, 21, 22, 23, 24, 25, 26, 27]
[259, 260, 261, 262, 263]
[37, 38, 39, 40, 41, 42]
[124, 125, 126, 127, 128, 129]
[18, 19, 20, 21, 22, 23, 24, 25, 36, 37, 38, 39, 40, 137, 138, 139, 140, 141, 142, 143, 145, 146, 147, 148, 149, 150, 36, 37, 38, 39, 40]
[21, 22, 23, 24, 25, 26, 21, 22, 23, 24, 25, 26]
[]
[15, 16, 17, 18, 47, 48, 49, 50, 51, 86, 87, 88, 86, 87, 88, 86, 87, 88]
[440, 441, 442, 443, 444, 445, 446]
[23, 24, 25, 26, 125, 126, 127, 128, 129, 130, 131, 132, 133, 141, 142, 143, 144, 145]
[25, 26, 27, 28, 29, 34, 35, 36, 37, 38, 39, 210, 211, 212, 213, 214]
[]
[48, 49, 50, 51, 52]
[64, 65, 66, 67, 68, 69, 70, 71, 72]
[]
[0, 1, 2, 3]
[64, 65, 66, 67, 68]
[145, 146, 147, 148, 149, 150, 151]
[14, 15, 16, 17, 95, 96, 97, 98, 99, 100, 101, 217, 218, 219, 220, 221, 222, 223, 224, 225, 226]
[40, 41, 42, 43]
[23, 24, 25, 26, 27, 28, 131, 132, 133, 134, 135, 244, 245, 246, 247, 248, 131, 132, 133, 134, 135]
[23, 24, 25, 26, 150, 151, 152, 153, 154]
[71, 72, 73, 74, 75]
[96, 97, 98, 99]
[46, 47, 48, 49]
[808, 809, 810, 811, 843, 844, 845, 846, 847, 848]
[72, 73, 74, 75, 76, 77]
[]
[67, 68, 69, 70, 71]
[11, 12, 13, 14]
[3, 4, 5, 6, 146, 147, 148, 149, 150, 151, 203, 204, 205, 206, 207]
[85, 86, 87, 88, 89]
[16, 17, 18, 19, 20, 21, 22, 23, 24, 25, 282, 283, 284, 285, 286, 287, 288]
[9, 10, 11, 12, 9, 10, 11, 12, 9, 10, 11, 12]
[16, 17, 18, 19, 20]
[165, 166, 167, 168, 169, 411, 412, 413, 414, 415, 493, 494, 495, 496]
[116, 117, 118, 119, 120, 121, 122, 123]
[7, 8, 9, 10]
[7, 8, 9, 10, 11, 12, 13, 14, 15, 16, 98, 99, 100, 101, 102, 103]
[46, 47, 48, 49, 50, 51, 52, 46, 47, 48, 49, 50, 51, 52, 46, 47, 48, 49, 50, 51, 46, 47, 48, 49, 50, 51, 52]
[50, 51, 52, 53, 54, 55, 56, 57, 70, 71, 72, 73, 74, 75, 76, 77, 78, 79, 80]
[22, 23, 24, 25]
[19, 20, 21, 22, 23, 24, 25, 26, 27, 28, 46, 47, 48, 49, 50, 51, 52, 141, 142, 143, 144, 145, 146, 147, 148, 189, 190, 191, 192, 244, 245, 246, 247, 248]
[35, 36, 37, 38]
[100, 101, 102, 103, 104, 105, 226, 227, 228, 229, 230, 231]
[0, 1, 2, 3, 4, 5]
[36, 37, 38, 39, 40, 41]
[25, 26, 27, 28, 29, 30]
[18, 19, 20, 21, 22, 23]
[14, 15, 16, 17, 18]
[42, 43, 44, 45]
[66, 67, 68, 69, 70]
[401, 402, 403, 404, 456, 457, 458, 459, 666, 667, 668, 669]
[25, 26, 27, 28, 273, 274, 275, 276, 277]
[89, 90, 91, 92, 93]
[]
[11, 12, 13, 14]
[]
[284, 285, 286, 287, 288, 289, 290, 291, 292, 293]
[188, 189, 190, 191, 192, 193]
[41, 42, 43, 44, 45, 505, 506, 507, 508, 509, 510, 511, 505, 506, 507, 508, 509, 510, 511]
[]
[39, 40, 41, 42, 43, 44, 296, 297, 298, 299, 300, 301, 302, 39, 40, 41, 42, 43, 44]
[175, 176, 177, 178, 179]
[6, 7, 8, 9, 10, 6, 7, 8, 9, 10, 89, 90, 91, 92]
[]
[150, 151, 152, 153, 154, 155]
[9, 10, 11, 12]
[0, 1, 2, 3, 4, 5, 7, 8, 9, 10, 11, 12, 13]
[]
[85, 86, 87, 88, 89]
[]
[]
[126, 127, 128, 129, 130, 131]
[181, 182, 183, 184, 185, 186, 187, 342, 343, 344, 345, 346, 347, 348]
[41, 42, 43, 44, 45, 46]
[17, 18, 19, 20]
[0, 1, 2, 65, 66, 67, 68, 69, 94, 95, 96, 97, 98]
[9, 10, 11, 12]
[18, 19, 20, 21, 29, 30, 31, 32, 33, 34, 35, 36, 37, 489, 490, 491, 492, 493, 494, 495, 496, 497, 498]
[24, 25, 26, 27, 28, 543, 544, 545, 546, 547, 548]
[]
[148, 149, 150, 151, 152, 153, 154, 155, 156, 157]
[26, 27, 28, 29, 30, 31, 71, 72, 73, 74, 75, 76, 77, 78, 79, 197, 198, 199, 200, 201, 202, 203, 204, 205]
[149, 150, 151, 152, 153, 154, 155, 156, 157]
[305, 306, 307, 308, 309]
[]
[55, 56, 57, 58, 59, 60, 162, 163, 164, 165, 733, 734, 735, 736, 737, 738, 739, 740]
[]
[19, 20, 21, 22]
[39, 40, 41, 42, 43, 44]
[0, 1, 2, 3, 4]
[]
[0, 1, 2, 3, 4, 5, 6, 7, 8, 9]
[0, 1, 2, 3, 4, 5, 13, 14, 15, 16]
[214, 215, 216, 217, 218]
[33, 34, 35, 36, 37]
[276, 277, 278, 279, 280, 281, 282]
[183, 184, 185, 186, 187, 188, 183, 184, 185, 186, 629, 630, 631, 632, 633, 634, 635, 800, 801, 802, 803, 804, 800, 801, 802, 803, 804, 629, 630, 631, 632, 633, 634, 635]
[41, 42, 43, 44, 45, 41, 42, 43, 44, 45]
[180, 181, 182, 183, 184, 185, 186, 187, 180, 181, 182, 183, 184, 185, 186, 187]
[11, 12, 13, 14, 15, 90, 91, 92, 93]
[135, 136, 137, 138, 153, 154, 155, 156, 157]
[4, 5, 6, 7, 8]
[216, 217, 218, 219, 220]
[13, 14, 15, 16, 17]
[0, 1, 2, 3, 4]
[61, 62, 63, 64, 101, 102, 103, 104, 105, 160, 161, 162, 163, 164, 165]
[78, 79, 80, 81, 82, 83]
[26, 27, 28, 29, 30]
[128, 129, 130, 131, 132, 133, 134, 135]
[135, 136, 137, 138]
[11, 12, 13, 14, 15, 16, 17, 18]
[13, 14, 15, 16, 17, 18, 19, 20, 85, 86, 87, 88, 89, 90, 91, 92, 93]
[56, 57, 58, 59]
[62, 63, 64, 65, 66]
[16, 17, 18, 19, 20, 21, 22, 24, 25, 26, 27, 28]
[16, 17, 18, 19, 20, 21, 22, 23, 24, 25]
[4, 5, 6, 7, 41, 42, 43, 44, 45, 46, 121, 122, 123, 124]
[]
[69, 70, 71, 72, 73, 74]
[24, 25, 26, 27, 28, 29, 30, 31, 32]
[22, 23, 24, 25]
[60, 61, 62, 63, 64, 65]
[8, 9, 10, 11, 12]
[157, 158, 159, 160, 161, 162]
[]
[74, 75, 76, 77, 78, 105, 106, 107, 108, 109, 74, 75, 76, 77, 78, 33, 34, 35, 36, 37, 38, 39, 40, 41, 42, 251, 252, 253, 254, 255, 256]
[49, 50, 51, 52, 53, 54]
[149, 150, 151, 152, 153, 154, 155, 156, 157, 158, 159, 160, 168, 169, 170, 171, 172, 173, 174, 175, 176, 177]
[35, 36, 37, 38, 39, 40, 41, 180, 181, 182, 183, 184, 185, 217, 218, 219, 220, 221, 284, 285, 286, 287, 288, 289, 290, 291, 292, 293, 180, 181, 182, 183, 184, 185, 35, 36, 37, 38, 39, 40, 41, 531, 532, 533, 534, 535, 536, 537, 538]
[21, 22, 23, 24, 25, 117, 118, 119, 120, 121, 122, 123, 124, 125, 126, 132, 133, 134, 135, 136, 137, 138, 139, 188, 189, 190, 191, 192, 193, 194, 195, 196, 197, 244, 245, 246, 247, 248, 249, 250, 251]
[17, 18, 19, 20, 21, 22, 23, 24]
[67, 68, 69, 70, 127, 128, 129, 130]
[108, 109, 110, 111]
[4, 5, 6, 7]
[62, 63, 64, 65, 66, 67]
[167, 168, 169, 170, 171, 172, 173, 286, 287, 288, 289, 290, 291]
[36, 37, 38, 39, 40, 41, 42]
[147, 148, 149, 150]
[4, 5, 6, 7, 8, 9, 10, 76, 77, 78, 79, 80, 81, 82, 83, 84, 205, 206, 207, 208, 209, 210, 4, 5, 6, 7, 8, 9, 10, 76, 77, 78, 79, 80, 81, 82, 83, 84]
[]
[21, 22, 23, 24]
[0, 1, 2, 3, 4]
[39, 40, 41, 42, 138, 139, 140, 141, 142, 143]
[0, 1, 2, 3, 4, 5, 89, 90, 91, 92, 93, 94, 0, 1, 2, 3, 4, 5, 0, 1, 2, 3, 4, 5, 262, 263, 264, 265, 266, 267, 268]
[14, 15, 16, 17, 18, 19, 20, 375, 376, 377, 378, 379, 380, 375, 376, 377, 378, 379, 380]
[13, 14, 15, 16, 17]
[19, 20, 21, 22, 23, 53, 54, 55, 56]
[12, 13, 14, 15, 16, 17, 18, 19, 20, 264, 265, 266, 267, 268, 269, 270, 271]
[481, 482, 483, 484, 485, 486]
[85, 86, 87, 88, 89]
[87, 88, 89, 90, 91, 92, 93, 94, 95, 96]
[27, 28, 29, 30, 31, 32]
[14, 15, 16, 17, 18]
[0, 1, 2, 3]
[16, 17, 18, 19]
[43, 44, 45, 46]
[17, 18, 19, 20, 21, 22, 23, 24]
[76, 77, 78, 79, 80, 81, 82, 83, 89, 90, 91, 92, 93, 94, 95]
[105, 106, 107, 108, 109, 110]
[34, 35, 36, 37, 38, 39, 40, 41, 206, 207, 208, 209, 210, 211, 323, 324, 325, 326, 327, 328, 329, 330]
[15, 16, 17, 18, 19, 20]
[85, 86, 87, 88, 89]
[35, 36, 37, 38, 39, 35, 36, 37, 38, 39, 195, 196, 197, 198, 199, 200, 201]
[42, 43, 44, 45]
[80, 81, 82, 83, 84, 85, 342, 343, 344, 345, 346, 363, 364, 365, 366, 367, 368, 369, 370]
[0, 1, 2, 3, 5, 6, 7, 8]
[]
[25, 26, 27, 28, 29, 30, 31, 73, 74, 75, 76, 77, 78, 79, 80, 266, 267, 268, 269, 270, 271, 272, 273]
[28, 29, 30, 31, 32, 33, 34, 93, 94, 95, 96]
[71, 72, 73, 74, 75, 76, 77]
[]
[10, 11, 12, 13, 14, 15]
[72, 73, 74, 75]
[]
[118, 119, 120, 121, 122, 123]
[]
[86, 87, 88, 89, 90, 91, 92, 157, 158, 159, 160, 161, 162, 164, 165, 166, 167, 168, 169, 170, 171, 172, 173]
[232, 233, 234, 235, 236, 237]
[139, 140, 141, 142, 143, 144, 145, 159, 160, 161, 162, 195, 196, 197, 198, 199, 200, 201, 202, 203, 204, 205, 206, 207, 208, 264, 265, 266, 267, 268, 269, 270, 271, 272, 273, 274, 159, 160, 161, 162, 139, 140, 141, 142, 143, 144, 145, 195, 196, 197, 198, 199, 200, 201, 202, 203, 204, 205, 206, 207, 208, 651, 652, 653, 654]
[271, 272, 273, 274, 275, 276, 277, 278, 279]
[205, 206, 207, 208, 209, 210, 474, 475, 476, 477, 478, 479, 480]
[90, 91, 92, 93, 94, 95, 124, 125, 126, 127, 128]
[38, 39, 40, 41]
[0, 1, 2, 3]
[78, 79, 80, 81, 82, 83]
[11, 12, 13, 14, 89, 90, 91, 92, 93, 94, 95, 335, 336, 337, 338, 339, 340, 443, 444, 445, 446, 447, 448]
[99, 100, 101, 102, 103, 104, 105, 204, 205, 206, 207, 208, 209, 210, 211, 212]
[0, 1, 2, 3, 4, 5]
[21, 22, 23, 24]
[311, 312, 313, 314, 315, 316, 317, 318, 992, 993, 994, 995, 996]
[21, 22, 23, 24, 25, 26, 27]
[132, 133, 134, 135, 136, 137, 384, 385, 386, 387, 388, 389, 390, 502, 503, 504]
[453, 454, 455, 456, 457, 458]
[42, 43, 44, 45, 46, 47, 82, 83, 84, 85, 86, 87, 88, 89, 90, 91, 252, 253, 254, 255, 256, 257, 258]
[109, 110, 111, 112, 113, 114, 109, 110, 111, 112, 113, 114]
[87, 88, 89, 90, 91, 92, 93, 133, 134, 135, 136, 137, 138, 139]
[17, 18, 19, 20, 21]
[23, 24, 25, 26, 27, 45, 46, 47, 48, 49, 78, 79, 80, 81, 82, 83, 84, 85, 159, 160, 161, 162, 163, 164, 165, 166]
[406, 407, 408, 409, 410, 411, 412, 413, 414]
[128, 129, 130, 131, 132, 133, 138, 139, 140, 141, 142, 143, 217, 218, 219, 220, 221, 222]
[87, 88, 89, 90]
[6, 7, 8]
[]
[25, 26, 27, 28, 29, 30, 31]
[17, 18, 19, 20, 21, 22, 338, 339, 340, 341, 342, 343, 344, 349, 350, 351, 352, 353, 354, 355]
[41, 42, 43, 44, 45, 46, 47, 88, 89, 90, 91, 92, 93, 94, 95]
[71, 72, 73, 74, 75, 76, 77, 78, 84, 85, 86, 87, 88, 89, 90, 91]
[35, 36, 37, 38, 39, 40]
[88, 89, 90, 91, 92, 93]
[0, 1, 2, 3, 4, 5, 111, 112, 113, 114, 115, 116, 117]
[27, 28, 29, 30, 31]
[23, 24, 25, 26, 27, 28, 29]
[13, 14, 15, 16, 17]
[]
[55, 56, 57, 58, 59, 60]
[28, 29, 30, 31, 43, 44, 45, 46, 59, 60, 61]
[21, 22, 23, 24, 25, 26, 27, 28, 29, 48, 49, 50, 51]
[70, 71, 72, 73, 74, 75]
[]
[225, 226, 227, 228]
[42, 43, 44, 45, 93, 94, 95, 96, 97, 98, 99, 188, 189, 190, 191, 210, 211, 212, 213, 214, 215, 216, 217, 308, 309, 310, 311, 312, 188, 189, 190, 191]
[22, 23, 24, 25, 26, 47, 48, 49, 50, 51, 52, 53]
[69, 70, 71, 72, 73, 74, 75, 76, 77, 129, 130, 131, 132, 133, 134]
[]
[6, 7, 8, 9, 10]
[36, 37, 38, 39, 40, 41, 42, 43, 44, 142, 143, 144, 145, 146, 147]
[56, 57, 58, 59, 60, 61]
[94, 95, 96, 97, 98, 99, 100, 101, 102, 103, 104, 105]
[14, 15, 16, 17, 18, 19]
[54, 55, 56, 57, 58]
[53, 54, 55, 56, 57]
[28, 29, 30, 31, 32, 33, 34, 35, 36]
[60, 61, 62, 63, 64, 65]
[391, 392, 393, 394, 395]
[46, 47, 48, 49, 50, 51, 52, 53, 54, 55]
[29, 30, 31, 32, 33]
[65, 66, 67, 68]
[8, 9, 10, 11]
[11, 12, 13, 30, 31, 32, 33, 34, 35, 36, 37, 38, 39]
[]
[]
[]
[154, 155, 156, 157, 158, 159]
[34, 35, 36, 37, 38]
[183, 184, 185, 215, 216, 217, 218, 219]
[]
[98, 99, 100, 101, 102, 103, 104, 193, 194, 195, 196, 197]
[]
[143, 144, 145, 146, 147, 148]
[57, 58, 59, 60, 61, 62, 57, 58, 59, 60, 61, 62, 57, 58, 59, 60, 61, 62, 122, 123, 124, 125, 126, 127]
[42, 43, 44, 45, 46]
[16, 17, 18, 19, 21, 22, 23, 24, 25, 907, 908, 909, 910, 911, 912]
[]
[]
[46, 47, 48, 49]
[31, 32, 33, 34, 35, 36, 76, 77, 78, 79, 31, 32, 33, 34, 35, 36, 31, 32, 33, 34, 35, 36]
[9, 10, 11, 12, 13, 14, 15, 16, 17, 18]
[105, 106, 107, 108, 109, 226, 227, 228, 229, 230, 231, 232, 233, 345, 346, 347, 348, 349, 350, 351, 352]
[]
[215, 216, 217, 218, 219]
[40, 41, 42, 43, 44, 45, 46, 47, 48]
[]
[26, 27, 28, 29, 30]
[49, 50, 51, 52]
[23, 24, 25, 26, 27, 28, 29, 30, 31, 32, 183, 184, 185, 186, 187, 188, 189, 190, 444, 445, 446, 447, 448]
[8, 9, 10, 11, 12, 13, 14, 15]
[87, 88, 89, 90, 91, 92, 93, 138, 139, 140, 141, 142, 143]
[26, 27, 28, 29, 30, 31, 49, 50, 51, 52, 53, 54, 55, 56]
[16, 17, 18, 19, 20]
[10, 11, 12, 13, 14, 15, 16, 17]
[76, 77, 78, 79, 80, 81]
[]
[]
[]
[4, 5, 6, 7, 8]
[11, 12, 13, 14, 15]
[795, 796, 797, 798, 799, 800]
[46, 47, 48, 49, 50, 51, 52]
[19, 20, 21]
[128, 129, 130, 131, 132]
[55, 56, 57, 58, 98, 99, 100, 101, 102, 103, 104, 105, 106, 107, 382, 383, 384, 385, 386, 387, 388, 389]
[68, 69, 70, 71, 72]
[12, 13, 14, 15, 16]
[]
[4, 5, 6, 7, 51, 52, 53, 54, 55, 57, 58, 59, 60, 61, 62, 63, 64]
[]
[25, 26, 27, 28, 29, 30]
[0, 1, 2, 3, 4, 5, 6, 7, 20, 21, 22, 23]
[0, 1, 2, 3, 4, 5]
[35, 36, 37, 38, 39, 40]
[41, 42, 43, 44, 45, 46]
[9, 10, 11, 12, 13, 14]
[866, 867, 868, 869, 870, 871, 872]
[148, 149, 150, 151, 152, 153]
[52, 53, 54, 55, 56, 62, 63, 64, 65, 66, 67]
[]
[132, 133, 134, 135, 136, 137]
[]
[56, 57, 58, 59]
[110, 111, 112, 113, 114]
[]
[37, 38, 39, 40, 41, 42, 43, 573, 574, 575, 576, 577, 847, 848, 849, 850, 851]
[28, 29, 30, 31, 32, 33, 34, 35, 36]
[]
[17, 18, 19, 20, 21, 22, 23, 24, 25]
[71, 72, 73, 74, 75]
[51, 52, 53, 54, 55, 56, 63, 64, 65, 66, 67, 68]
[145, 146, 147, 148, 149, 150, 151, 152, 153]
[93, 94, 95, 96, 97, 98, 99, 100, 101, 102]
[31, 32, 33, 34]
[145, 146, 147, 148, 149, 183, 184, 185, 186, 187, 188, 189, 190, 273, 274, 275, 276, 277, 278, 279, 183, 184, 185, 186, 187, 188, 189, 190]
[55, 56, 57, 58, 59, 60]
[19, 20, 21, 22, 23]
[0, 1, 2, 3, 4, 5, 6, 7, 8, 9, 10, 12, 13, 14, 15, 16, 17, 18]
[37, 38, 39, 40, 41, 37, 38, 39, 40]
[173, 174, 175, 176]
[29, 30, 31, 32, 33, 34]
[26, 27, 28, 29]
[59, 60, 61]
[102, 103, 104, 105]
[59, 60, 61, 62, 63]
[10, 11, 12, 13, 14]
[120, 121, 122, 123, 124, 125, 149, 150, 151, 152, 153, 154]
[]
[196, 197, 198, 199, 200, 201, 202]
[]
[58, 59, 60, 61, 62]
[50, 51, 52, 53, 54, 55, 73, 74, 75, 76, 77, 78, 79, 181, 182, 183, 184, 185, 186, 187, 405, 406, 407, 408]
[13, 14, 15, 17, 18, 19, 20, 21, 22, 23, 24, 32, 33, 34, 35]
[18, 19, 20, 21, 22, 23, 24, 25, 26, 27]
[105, 106, 107, 133, 134, 135, 136]
[]
[100, 101, 102, 103, 104, 105, 107, 108, 109, 110, 111]
[54, 55, 56, 57, 58, 59, 60, 85, 86, 87, 88, 89, 90, 91]
[]
[19, 20, 21, 22, 25, 26, 27, 28, 29, 30, 31, 32, 53, 54, 55, 56, 57, 58, 59, 60, 87, 88, 89, 90, 91, 92, 93, 94, 95]
[47, 48, 49, 50, 51]
[]
[0, 1, 2, 3]
[3, 4, 5, 6, 7]
[27, 28, 29, 30, 31, 32, 33, 34]
[126, 127, 128, 129, 130, 131, 149, 150, 151, 152, 153]
[103, 104, 105, 106, 107, 108]
[25, 26, 27, 28]
[0, 1, 2, 3]
[197, 198, 199, 377, 378, 379, 380, 381, 382, 383, 384, 385, 386]
[21, 22, 23, 24, 25, 26]
[0, 1, 2, 3, 9, 10, 11, 12, 13, 14]
[]
[61, 62, 63, 64, 65, 66, 67, 631, 632, 633, 634, 635, 636]
[739, 740, 741, 742, 743, 744, 739, 740, 741, 742, 743, 744]
[8, 9, 10, 11, 12, 13, 14]
[35, 36, 37, 38, 39, 40, 35, 36, 37, 38, 39, 40]
[52, 53, 54, 55]
[67, 68, 69, 70, 71, 84, 85, 86, 87, 88]
[49, 50, 51, 52, 53]
[228, 229, 230, 231, 232, 233, 460, 461, 462, 463, 464, 465, 637, 638, 639, 640, 641, 642, 643, 644]
[23, 24, 25, 26, 27]
[10, 11, 12, 13, 14]
[8, 9, 10, 11, 12, 13, 58, 59, 60, 61, 62]
[81, 82, 83, 84, 85]
[85, 86, 87, 88, 89, 90, 218, 219, 220, 221, 222, 223]
[29, 30, 31, 32, 33]
[20, 21, 22, 23, 24, 25]
[7, 8, 9, 10, 11]
[49, 50, 51, 52, 53, 54, 55, 255, 256, 257, 258, 259, 260]
[9, 10, 11, 12, 136, 137, 138, 139, 140, 141, 142]
[4, 5, 6, 7, 8]
[22, 23, 24, 25, 26]
[]
[135, 136, 137, 138]
[88, 89, 90, 91, 92, 93, 94, 95, 96]
[]
[0, 1, 2, 3, 4]
[0, 1, 2, 3, 4, 0, 1, 2, 3, 4]
[]
[16, 17, 18, 19, 20, 21, 22, 24, 25, 26, 27, 28, 29, 30]
[20, 21, 22, 23, 24, 25, 26, 27, 38, 39, 40, 41]
[64, 65, 66, 67, 68, 69, 322, 323, 324, 325, 326, 327, 328, 329]
[]
[196, 197, 198, 199, 200, 201]
[37, 38, 39, 40, 201, 202, 203, 204, 205]
[16, 17, 18, 19, 20, 21, 26, 27, 28, 29, 30, 31, 157, 158, 159, 160, 161, 162]
[0, 1, 2, 3]
[135, 136, 137, 138, 139, 140, 141]
[19, 20, 21, 86, 87, 88]
[42, 43, 44, 45, 46, 47, 48, 49, 138, 139, 140, 141, 142, 143]
[303, 304, 305, 306, 307, 308, 309]
[69, 70, 71, 72, 73, 74, 75, 76]
[17, 18, 19, 20, 21]
[9, 10, 11, 12]
[]
[18, 19, 20, 21, 22]
[52, 53, 54, 55, 56, 57, 63, 64, 65, 66, 67, 68, 69, 70]
[276, 277, 278, 279]
[18, 19, 20, 18, 19, 20, 159, 160, 161, 162, 163, 164, 165, 166, 167]
[]
[]
[244, 245, 246, 247]
[]
[7, 8, 9, 10, 11, 12]
[4, 5, 6, 7, 318, 319, 320, 321, 13, 14, 15, 16, 17, 18, 353, 354, 355, 356, 357, 358, 359, 353, 354, 355, 356, 357, 358, 359]
[96, 97, 98]
[]
[654, 655, 656, 657, 658, 659, 660, 661, 662, 663, 654, 655, 656, 657, 658, 659, 660, 661, 662, 663]
[]
[121, 122, 123, 124, 125, 126, 127, 128]
[11, 12, 13, 14, 15, 16, 17, 18, 19, 20, 22, 23, 24]
[0, 1, 2, 3]
[27, 28, 29, 30, 31, 32, 39, 40, 41, 42, 43, 44, 45, 46, 528, 529, 530, 531, 532, 533]
[144, 145, 146, 147, 148, 149, 150, 307, 308, 309, 310]
[0, 1, 2, 3, 111, 112, 113]
[14, 15, 16, 17, 18, 125, 126, 127, 128, 129, 130, 131, 490, 491, 492, 493, 494, 495]
[16, 17, 18, 19, 20, 21, 22]
[]
[110, 111, 112, 113]
[4, 5, 6, 7]
[37, 38, 39, 40, 41, 42, 60, 61, 62, 63, 64, 65, 66, 178, 179, 180, 181, 182, 183, 184, 190, 191, 192, 193, 194, 195, 219, 220, 221, 222, 223, 190, 191, 192, 193, 194, 195]
[]
[]
[13, 14, 15, 16, 17, 18, 19, 20, 21]
[13, 14, 15, 16, 17, 18]
[297, 298, 299, 300, 301, 302, 303, 304, 305]
[274, 275, 276, 277, 278, 279, 280]
[85, 86, 87, 88, 89, 90, 85, 86, 87, 88, 89, 90]
[180, 181, 182, 183, 184]
[25, 26, 27, 87, 88, 89, 90, 91, 92]
[42, 43, 44, 45, 46, 47]
[11, 12, 13, 14, 15, 25, 26, 27, 28, 29, 30]
[149, 150, 151, 152, 153]
[0, 1, 2, 3]
[15, 16, 17]
[27, 28, 29, 30, 31, 32, 33, 82, 83, 84, 85, 86, 87, 88, 89]
[94, 95, 96, 97, 98, 99, 105, 106, 107, 108, 109, 110, 157, 158, 159, 160, 161, 162]
[12, 13, 14, 15, 16, 26, 27, 28, 29, 30, 31]
[39, 40, 41, 42, 39, 40, 41, 42]
[124, 125, 126, 127, 128, 129, 130, 131, 132, 133, 236, 237, 238, 239, 240, 241]
[11, 12, 13, 14, 15, 16]
[41, 42, 43, 44, 45, 46, 41, 42, 43, 44, 45, 46, 138, 139, 140, 141, 181, 182, 183, 184, 185, 186, 187, 188, 189, 190]
[11, 12, 13, 14, 15, 16, 17, 18, 55, 56, 57, 58, 59, 60, 61, 62, 63, 85, 86, 87, 88, 89, 90, 91, 92]
[55, 56, 57, 58, 59, 60, 61, 62, 63, 64]
[]
[15, 16, 17, 18, 19]
[138, 139, 140, 141]
[75, 76, 77, 78, 133, 134, 135, 136, 133, 134, 135, 136]
[0, 1, 2, 3, 4, 5]
[11, 12, 13, 14, 15]
[]
[]
[81, 82, 83, 84, 85, 86, 87, 88, 89, 90, 145, 146, 147, 148, 149, 150, 151, 152, 153]
[321, 322, 323, 324, 325]
[90, 91, 92, 116, 117, 118, 119, 120, 121, 122, 123, 124, 125]
[24, 25, 26, 27, 28]
[11, 12, 13, 14, 15]
[28, 29, 30, 31, 32, 33]
[11, 12, 13, 14, 15, 16, 17, 18, 48, 49, 50, 51, 52]
[165, 166, 167, 168, 169]
[9, 10, 11, 12, 13, 14, 15, 16, 17, 51, 52, 53, 54, 55, 56, 57, 58, 59, 60]
[34, 35, 36, 37, 38, 39, 111, 112, 113]
[68, 69, 70, 71, 72, 73, 74, 75, 76]
[116, 117, 118, 119, 120, 121, 122, 123]
[79, 80, 81, 82, 83, 84, 85]
[68, 69, 70, 71, 72, 114, 115, 116, 117, 118]
[10, 11, 12, 13, 14]
[85, 86, 87, 88]
[59, 60, 61, 62, 63, 64, 65, 66, 67, 68]
[35, 36, 37, 38, 39, 40, 65, 66, 67, 68, 69, 70, 71]
[]
[8, 9, 10, 11, 12, 13]
[3, 4, 5, 6, 7]
[13, 14, 15, 16, 17, 18, 19, 67, 68, 69, 70, 334, 335, 336, 337, 338, 340, 341, 342]
[248, 249, 250, 251, 252, 253]
[9, 10, 11, 12, 13, 14, 15, 16, 379, 380, 381, 382, 383, 384, 385]
[180, 181, 182]
[18, 19, 20, 21]
[22, 23, 24, 25, 26, 27, 28, 29, 30, 89, 90, 91, 92]
[14, 15, 16, 17, 18, 19, 46, 47, 48, 49]
[23, 24, 25, 26, 27, 28, 29, 400, 401, 402, 403, 404]
[56, 57, 58, 59, 78, 79, 80, 81, 82, 83, 84, 85, 422, 423, 424, 425, 426, 427, 428, 429, 513, 514, 515, 516, 517, 518, 519, 520, 534, 535, 536, 537, 538, 539, 540, 541, 542]
[41, 42, 43, 44, 45, 46]
[132, 133, 134, 135, 136, 137, 138, 139]
[297, 298, 299, 300, 301, 302, 390, 391, 392, 393]
[60, 61, 62, 63]
[9, 10, 11, 12, 13, 14]
[33, 34, 35, 36, 37, 58, 59, 60, 61, 62, 189, 190, 191, 192, 193, 194]
[]
[8, 9, 10, 11, 12]
[22, 23, 24, 25]
[244, 245, 246, 247, 248, 249, 250, 251]
[414, 415, 416, 417, 418, 419, 420]
[21, 22, 23, 24, 25, 26]
[36, 37, 38, 39, 40, 41]
[39, 40, 41, 42, 43, 44, 45, 46, 47, 48]
[62, 63, 64]
[29, 30, 31, 32, 33, 34, 35, 36, 37]
[54, 55, 56, 57, 58, 59, 60, 61, 62]
[38, 39, 40, 41, 42, 43, 92, 93, 94]
[120, 121, 122, 123, 124, 125]
[86, 87, 88, 89, 228, 229, 230, 231, 232, 233, 234, 235]
[15, 16, 17, 18, 19, 20, 21]
[0, 1, 2, 3, 4, 5, 6]
[]
[150, 151, 152, 153, 154, 155, 156, 157]
[9, 10, 11, 12, 13, 14, 15, 16, 9, 10, 11, 12, 13, 14, 15, 16]
[40, 41, 42, 43, 44, 45]
[188, 189, 190, 191, 192, 193, 194]
[240, 241, 242, 243, 244]
[46, 47, 48, 49]
[33, 34, 35, 36, 37, 38]
[11, 12, 13, 14, 15, 16]
[87, 88, 89, 90, 91]
[21, 22, 23, 24, 25, 26, 27, 28]
[15, 16, 17, 18, 19]
[6, 7, 8, 9, 10, 11, 71, 72, 73, 74, 75, 76, 77, 78, 79]
[0, 1, 2, 3, 4]
[]
[7, 8, 9, 10, 11, 12, 74, 75, 76, 315, 316, 317, 318, 319, 320, 321, 322]
[10, 11, 12, 13, 14]
[19, 20, 21, 22, 23, 24]
[19, 20, 21, 22]
[31, 32, 33, 34, 65, 66, 67, 68]
[0, 1, 2, 3, 4, 5, 6, 7, 8, 9, 160, 161, 162, 163]
[]
[]
[32, 33, 34, 35, 36, 37, 38, 39, 40]
[11, 12, 13, 14, 15, 16, 17, 561, 562, 563, 564, 565, 566]
[181, 182, 183, 184, 185, 186]
[]
[9, 10, 11, 12, 13, 14]
[14, 15, 16, 17, 18, 54, 55, 56, 57]
[67, 68, 69]
[]
[13, 14, 15, 16]
[]
[32, 33, 34, 35, 36, 37]
[59, 60, 61, 62, 63, 64, 65, 66, 67]
[59, 60, 61, 62, 160, 161, 162, 163]
[146, 147, 148, 149, 150, 151]
[]
[382, 383, 384, 385, 386, 396, 397, 398, 399, 400, 401, 402, 403, 404, 405, 406, 407, 464, 465, 466, 467, 468, 653, 654, 655, 656, 657, 658]
[0, 1, 2, 3, 4]
[31, 32, 33, 34, 35, 36, 37, 38, 39, 99, 100, 101, 102, 103, 104, 132, 133, 134, 135, 136, 137, 138, 139, 140]
[44, 45, 46, 47, 48, 49, 50, 51, 52, 53]
[]
[163, 164, 165, 166, 163, 164, 165, 166]
[107, 108, 109, 110, 111, 303, 304, 305, 306, 307, 308, 309, 310, 376, 377, 378, 379, 380, 381]
[]
[0, 1, 2, 3]
[7, 8, 9, 10, 11, 12]
[17, 18, 19, 20, 21]
[129, 130, 131, 132, 133, 134]
[126, 127, 128, 129, 130, 131]
[24, 25, 26, 27, 28, 29]
[]
[136, 137, 138, 139, 140, 141, 146, 147, 148, 149, 150, 151, 152, 153]
